N,Factor,Is Correct,Is Larger Factor,Num Vars,Num Integer Vars,Num Binary Vars,Num Constraints,Node Count,Simplex Iterations Count,Runtime,Is MIP
1000201,111133,0,0,23,23,11,47,39,88,0.034099579,1
1000201,111133,0,0,23,23,11,47,39,88,0.049297333,1
1000201,111133,0,0,23,23,11,47,39,88,0.041704178,1
1000201,111133,0,0,23,23,11,47,39,88,0.020360947,1
1000201,111133,0,0,23,23,11,47,39,88,0.045352936,1
1000201,111133,0,0,23,23,11,47,39,88,0.036123276,1
1000201,111133,0,0,23,23,11,47,39,88,0.032619476,1
1000201,111133,0,0,23,23,11,47,39,88,0.042243958,1
1000201,111133,0,0,23,23,11,47,39,88,0.031332016,1
1000201,111133,0,0,23,23,11,47,39,88,0.052501678,1
1000202,500101,1,1,23,23,11,47,0,0,0,1
1000202,500101,1,1,23,23,11,47,0,0,0,1
1000202,500101,1,1,23,23,11,47,0,0,0,1
1000202,500101,1,1,23,23,11,47,0,0,0,1
1000202,500101,1,1,23,23,11,47,0,0,0,1
1000202,500101,1,1,23,23,11,47,0,0,0,1
1000202,500101,1,1,23,23,11,47,0,0,0,1
1000202,500101,1,1,23,23,11,47,0,0,0.015697479,1
1000202,500101,1,1,23,23,11,47,0,0,0,1
1000202,500101,1,1,23,23,11,47,0,0,0,1
1000203,333401,1,1,23,23,11,47,0,0,0,1
1000203,333401,1,1,23,23,11,47,0,0,0,1
1000203,333401,1,1,23,23,11,47,0,0,0,1
1000203,333401,1,1,23,23,11,47,0,0,0.015626907,1
1000203,333401,1,1,23,23,11,47,0,0,0,1
1000203,333401,1,1,23,23,11,47,0,0,0,1
1000203,333401,1,1,23,23,11,47,0,0,0,1
1000203,333401,1,1,23,23,11,47,0,0,0,1
1000203,333401,1,1,23,23,11,47,0,0,0,1
1000203,333401,1,1,23,23,11,47,0,0,0,1
1000204,500102,1,1,23,23,11,47,0,0,0,1
1000204,500102,1,1,23,23,11,47,0,0,0,1
1000204,500102,1,1,23,23,11,47,0,0,0,1
1000204,500102,1,1,23,23,11,47,0,0,0,1
1000204,500102,1,1,23,23,11,47,0,0,0,1
1000204,500102,1,1,23,23,11,47,0,0,0,1
1000204,500102,1,1,23,23,11,47,0,0,0,1
1000204,500102,1,1,23,23,11,47,0,0,0,1
1000204,500102,1,1,23,23,11,47,0,0,0.015632629,1
1000204,500102,1,1,23,23,11,47,0,0,0,1
1000205,200041,1,1,23,23,11,47,1,11,0.033472061,1
1000205,200041,1,1,23,23,11,47,1,11,0.021442413,1
1000205,200041,1,1,23,23,11,47,1,11,0.023403168,1
1000205,200041,1,1,23,23,11,47,1,11,0.025039673,1
1000205,200041,1,1,23,23,11,47,1,11,0.023303986,1
1000205,200041,1,1,23,23,11,47,1,11,0.026500702,1
1000205,200041,1,1,23,23,11,47,1,11,0.057504654,1
1000205,200041,1,1,23,23,11,47,1,11,0.034883499,1
1000205,200041,1,1,23,23,11,47,1,11,0.044773102,1
1000205,200041,1,1,23,23,11,47,1,11,0.04451561,1
1000206,500103,1,1,23,23,11,47,0,0,0,1
1000206,500103,1,1,23,23,11,47,0,0,0,1
1000206,500103,1,1,23,23,11,47,0,0,0,1
1000206,500103,1,1,23,23,11,47,0,0,0,1
1000206,500103,1,1,23,23,11,47,0,0,0,1
1000206,500103,1,1,23,23,11,47,0,0,0,1
1000206,500103,1,1,23,23,11,47,0,0,0.001037598,1
1000206,500103,1,1,23,23,11,47,0,0,0,1
1000206,500103,1,1,23,23,11,47,0,0,0,1
1000206,500103,1,1,23,23,11,47,0,0,0,1
1000207,76939,1,1,23,23,11,47,39,92,0.032377243,1
1000207,76939,1,1,23,23,11,47,39,92,0.016866684,1
1000207,76939,1,1,23,23,11,47,39,92,0.032085419,1
1000207,76939,1,1,23,23,11,47,39,92,0.021636963,1
1000207,76939,1,1,23,23,11,47,39,92,0.022926331,1
1000207,76939,1,1,23,23,11,47,39,92,0.020744324,1
1000207,76939,1,1,23,23,11,47,39,92,0.020994186,1
1000207,76939,1,1,23,23,11,47,39,92,0.023046494,1
1000207,76939,1,1,23,23,11,47,39,92,0.024940491,1
1000207,76939,1,1,23,23,11,47,39,92,0.033191681,1
1000208,500104,1,1,23,23,11,47,0,0,0.001003265,1
1000208,500104,1,1,23,23,11,47,0,0,0.001033783,1
1000208,500104,1,1,23,23,11,47,0,0,0,1
1000208,500104,1,1,23,23,11,47,0,0,0.002794266,1
1000208,500104,1,1,23,23,11,47,0,0,0.001039505,1
1000208,500104,1,1,23,23,11,47,0,0,0,1
1000208,500104,1,1,23,23,11,47,0,0,0,1
1000208,500104,1,1,23,23,11,47,0,0,0.005880356,1
1000208,500104,1,1,23,23,11,47,0,0,0.000997543,1
1000208,500104,1,1,23,23,11,47,0,0,0.000995636,1
1000209,333403,1,1,23,23,11,47,0,0,0.002660751,1
1000209,333403,1,1,23,23,11,47,0,0,0.001667023,1
1000209,333403,1,1,23,23,11,47,0,0,0.004640579,1
1000209,333403,1,1,23,23,11,47,0,0,0.001615524,1
1000209,333403,1,1,23,23,11,47,0,0,0.002794266,1
1000209,333403,1,1,23,23,11,47,0,0,0.002878189,1
1000209,333403,1,1,23,23,11,47,0,0,0.001041412,1
1000209,333403,1,1,23,23,11,47,0,0,0.006258011,1
1000209,333403,1,1,23,23,11,47,0,0,0.001037598,1
1000209,333403,1,1,23,23,11,47,0,0,0.00378418,1
1000210,500105,1,1,23,23,11,47,0,0,0.001996994,1
1000210,500105,1,1,23,23,11,47,0,0,0,1
1000210,500105,1,1,23,23,11,47,0,0,0.005596161,1
1000210,500105,1,1,23,23,11,47,0,0,0.00113678,1
1000210,500105,1,1,23,23,11,47,0,0,0.001037598,1
1000210,500105,1,1,23,23,11,47,0,0,0.00387764,1
1000210,500105,1,1,23,23,11,47,0,0,0.001003265,1
1000210,500105,1,1,23,23,11,47,0,0,0.000999451,1
1000210,500105,1,1,23,23,11,47,0,0,0,1
1000210,500105,1,1,23,23,11,47,0,0,0,1
1000211,76939,0,0,23,23,11,47,39,97,0.030548096,1
1000211,76939,0,0,23,23,11,47,39,97,0.030773163,1
1000211,76939,0,0,23,23,11,47,39,97,0.023927689,1
1000211,76939,0,0,23,23,11,47,39,97,0.044927597,1
1000211,76939,0,0,23,23,11,47,39,97,0.049571991,1
1000211,76939,0,0,23,23,11,47,39,97,0.050531387,1
1000211,76939,0,0,23,23,11,47,39,97,0.041610718,1
1000211,76939,0,0,23,23,11,47,39,97,0.028091431,1
1000211,76939,0,0,23,23,11,47,39,97,0.035835266,1
1000211,76939,0,0,23,23,11,47,39,97,0.030179977,1
1000212,500106,1,1,23,23,11,47,0,0,0.000890732,1
1000212,500106,1,1,23,23,11,47,0,0,0.001195908,1
1000212,500106,1,1,23,23,11,47,0,0,0.002008438,1
1000212,500106,1,1,23,23,11,47,0,0,0.001001358,1
1000212,500106,1,1,23,23,11,47,0,0,0.002002716,1
1000212,500106,1,1,23,23,11,47,0,0,0.000999451,1
1000212,500106,1,1,23,23,11,47,0,0,0.001005173,1
1000212,500106,1,1,23,23,11,47,0,0,0,1
1000212,500106,1,1,23,23,11,47,0,0,0.001678467,1
1000212,500106,1,1,23,23,11,47,0,0,0.001001358,1
1000213,76939,0,0,23,23,11,47,39,103,0.046899796,1
1000213,76939,0,0,23,23,11,47,39,103,0.04889679,1
1000213,76939,0,0,23,23,11,47,39,103,0.072460175,1
1000213,76939,0,0,23,23,11,47,39,103,0.054298401,1
1000213,76939,0,0,23,23,11,47,39,103,0.058300018,1
1000213,76939,0,0,23,23,11,47,39,103,0.077772141,1
1000213,76939,0,0,23,23,11,47,39,103,0.070466995,1
1000213,76939,0,0,23,23,11,47,39,103,0.060947418,1
1000213,76939,0,0,23,23,11,47,39,103,0.050792694,1
1000213,76939,0,0,23,23,11,47,39,103,0.038438797,1
1000214,500107,1,1,23,23,11,47,0,0,0,1
1000214,500107,1,1,23,23,11,47,0,0,0.005392075,1
1000214,500107,1,1,23,23,11,47,0,0,0.001016617,1
1000214,500107,1,1,23,23,11,47,0,0,0.000986099,1
1000214,500107,1,1,23,23,11,47,0,0,0.001548767,1
1000214,500107,1,1,23,23,11,47,0,0,0.000997543,1
1000214,500107,1,1,23,23,11,47,0,0,0,1
1000214,500107,1,1,23,23,11,47,0,0,0.003297806,1
1000214,500107,1,1,23,23,11,47,0,0,0.000999451,1
1000214,500107,1,1,23,23,11,47,0,0,0.001865387,1
1000215,333405,1,1,23,23,11,47,0,0,0.001998901,1
1000215,333405,1,1,23,23,11,47,0,0,0.001979828,1
1000215,333405,1,1,23,23,11,47,0,0,0.000995636,1
1000215,333405,1,1,23,23,11,47,0,0,0.001001358,1
1000215,333405,1,1,23,23,11,47,0,0,0.0051651,1
1000215,333405,1,1,23,23,11,47,0,0,0,1
1000215,333405,1,1,23,23,11,47,0,0,0.006320953,1
1000215,333405,1,1,23,23,11,47,0,0,0.001438141,1
1000215,333405,1,1,23,23,11,47,0,0,0.002952576,1
1000215,333405,1,1,23,23,11,47,0,0,0.001947403,1
1000216,500108,1,1,23,23,11,47,0,0,0.004577637,1
1000216,500108,1,1,23,23,11,47,0,0,0.002696991,1
1000216,500108,1,1,23,23,11,47,0,0,0,1
1000216,500108,1,1,23,23,11,47,0,0,0,1
1000216,500108,1,1,23,23,11,47,0,0,0.004308701,1
1000216,500108,1,1,23,23,11,47,0,0,0.001039505,1
1000216,500108,1,1,23,23,11,47,0,0,0.000864029,1
1000216,500108,1,1,23,23,11,47,0,0,0,1
1000216,500108,1,1,23,23,11,47,0,0,0.003213882,1
1000216,500108,1,1,23,23,11,47,0,0,0,1
1000217,52643,1,1,23,23,11,47,15,40,0.032798767,1
1000217,52643,1,1,23,23,11,47,15,40,0.068069458,1
1000217,52643,1,1,23,23,11,47,15,40,0.060173035,1
1000217,52643,1,1,23,23,11,47,15,40,0.030628204,1
1000217,52643,1,1,23,23,11,47,15,40,0.030189514,1
1000217,52643,1,1,23,23,11,47,15,40,0.033824921,1
1000217,52643,1,1,23,23,11,47,15,40,0.018890381,1
1000217,52643,1,1,23,23,11,47,15,40,0.035556793,1
1000217,52643,1,1,23,23,11,47,15,40,0.041725159,1
1000217,52643,1,1,23,23,11,47,15,40,0.034902573,1
1000218,500109,1,1,23,23,11,47,0,0,0,1
1000218,500109,1,1,23,23,11,47,0,0,0,1
1000218,500109,1,1,23,23,11,47,0,0,0,1
1000218,500109,1,1,23,23,11,47,0,0,0,1
1000218,500109,1,1,23,23,11,47,0,0,0,1
1000218,500109,1,1,23,23,11,47,0,0,0,1
1000218,500109,1,1,23,23,11,47,0,0,0,1
1000218,500109,1,1,23,23,11,47,0,0,0.016242981,1
1000218,500109,1,1,23,23,11,47,0,0,0.000999451,1
1000218,500109,1,1,23,23,11,47,0,0,0,1
1000219,90929,1,1,23,23,11,47,5,20,0.049316406,1
1000219,90929,1,1,23,23,11,47,5,20,0.038539886,1
1000219,90929,1,1,23,23,11,47,5,20,0.043615341,1
1000219,90929,1,1,23,23,11,47,5,20,0.036808014,1
1000219,90929,1,1,23,23,11,47,5,20,0.0313797,1
1000219,90929,1,1,23,23,11,47,5,20,0.043989182,1
1000219,90929,1,1,23,23,11,47,5,20,0.041809082,1
1000219,90929,1,1,23,23,11,47,5,20,0.041463852,1
1000219,90929,1,1,23,23,11,47,5,20,0.039463043,1
1000219,90929,1,1,23,23,11,47,5,20,0.041044235,1
1000220,500110,1,1,23,23,11,47,0,0,0,1
1000220,500110,1,1,23,23,11,47,0,0,0.008195877,1
1000220,500110,1,1,23,23,11,47,0,0,0.00179863,1
1000220,500110,1,1,23,23,11,47,0,0,0,1
1000220,500110,1,1,23,23,11,47,0,0,0,1
1000220,500110,1,1,23,23,11,47,0,0,0,1
1000220,500110,1,1,23,23,11,47,0,0,0.00214386,1
1000220,500110,1,1,23,23,11,47,0,0,0,1
1000220,500110,1,1,23,23,11,47,0,0,0,1
1000220,500110,1,1,23,23,11,47,0,0,0,1
1000221,333407,1,1,23,23,11,47,0,0,0,1
1000221,333407,1,1,23,23,11,47,0,0,0.0082798,1
1000221,333407,1,1,23,23,11,47,0,0,0.00220871,1
1000221,333407,1,1,23,23,11,47,0,0,0,1
1000221,333407,1,1,23,23,11,47,0,0,0,1
1000221,333407,1,1,23,23,11,47,0,0,0,1
1000221,333407,1,1,23,23,11,47,0,0,0.008152008,1
1000221,333407,1,1,23,23,11,47,0,0,0.002122879,1
1000221,333407,1,1,23,23,11,47,0,0,0,1
1000221,333407,1,1,23,23,11,47,0,0,0,1
1000222,500111,1,1,23,23,11,47,0,0,0.002149582,1
1000222,500111,1,1,23,23,11,47,0,0,0,1
1000222,500111,1,1,23,23,11,47,0,0,0,1
1000222,500111,1,1,23,23,11,47,0,0,0,1
1000222,500111,1,1,23,23,11,47,0,0,0,1
1000222,500111,1,1,23,23,11,47,0,0,0.009513855,1
1000222,500111,1,1,23,23,11,47,0,0,0.001914978,1
1000222,500111,1,1,23,23,11,47,0,0,0,1
1000222,500111,1,1,23,23,11,47,0,0,0,1
1000222,500111,1,1,23,23,11,47,0,0,0.006225586,1
1000223,142889,1,1,23,23,11,47,5,21,0.033136368,1
1000223,142889,1,1,23,23,11,47,5,21,0.033336639,1
1000223,142889,1,1,23,23,11,47,5,21,0.038606644,1
1000223,142889,1,1,23,23,11,47,5,21,0.020784378,1
1000223,142889,1,1,23,23,11,47,5,21,0.0313797,1
1000223,142889,1,1,23,23,11,47,5,21,0.038885117,1
1000223,142889,1,1,23,23,11,47,5,21,0.023263931,1
1000223,142889,1,1,23,23,11,47,5,21,0.031316757,1
1000223,142889,1,1,23,23,11,47,5,21,0.029602051,1
1000223,142889,1,1,23,23,11,47,5,21,0.033060074,1
1000224,500112,1,1,23,23,11,47,0,0,0.00100708,1
1000224,500112,1,1,23,23,11,47,0,0,0,1
1000224,500112,1,1,23,23,11,47,0,0,0.007257462,1
1000224,500112,1,1,23,23,11,47,0,0,0.002252579,1
1000224,500112,1,1,23,23,11,47,0,0,0,1
1000224,500112,1,1,23,23,11,47,0,0,0,1
1000224,500112,1,1,23,23,11,47,0,0,0.008504868,1
1000224,500112,1,1,23,23,11,47,0,0,0.001039505,1
1000224,500112,1,1,23,23,11,47,0,0,0.000619888,1
1000224,500112,1,1,23,23,11,47,0,0,0.001041412,1
1000225,200045,1,1,23,23,11,47,39,93,0.029163361,1
1000225,200045,1,1,23,23,11,47,39,93,0.039211273,1
1000225,200045,1,1,23,23,11,47,39,93,0.054231644,1
1000225,200045,1,1,23,23,11,47,39,93,0.030332565,1
1000225,200045,1,1,23,23,11,47,39,93,0.04211998,1
1000225,200045,1,1,23,23,11,47,39,93,0.041549683,1
1000225,200045,1,1,23,23,11,47,39,93,0.048891068,1
1000225,200045,1,1,23,23,11,47,39,93,0.033815384,1
1000225,200045,1,1,23,23,11,47,39,93,0.041166306,1
1000225,200045,1,1,23,23,11,47,39,93,0.049303055,1
1000226,500113,1,1,23,23,11,47,0,0,0,1
1000226,500113,1,1,23,23,11,47,0,0,0,1
1000226,500113,1,1,23,23,11,47,0,0,0,1
1000226,500113,1,1,23,23,11,47,0,0,0.008272171,1
1000226,500113,1,1,23,23,11,47,0,0,0.001001358,1
1000226,500113,1,1,23,23,11,47,0,0,0.001098633,1
1000226,500113,1,1,23,23,11,47,0,0,0,1
1000226,500113,1,1,23,23,11,47,0,0,0,1
1000226,500113,1,1,23,23,11,47,0,0,0,1
1000226,500113,1,1,23,23,11,47,0,0,0,1
1000227,333409,1,1,23,23,11,47,0,0,0,1
1000227,333409,1,1,23,23,11,47,0,0,0,1
1000227,333409,1,1,23,23,11,47,0,0,0,1
1000227,333409,1,1,23,23,11,47,0,0,0.008192062,1
1000227,333409,1,1,23,23,11,47,0,0,0.002094269,1
1000227,333409,1,1,23,23,11,47,0,0,0,1
1000227,333409,1,1,23,23,11,47,0,0,0,1
1000227,333409,1,1,23,23,11,47,0,0,0.008117676,1
1000227,333409,1,1,23,23,11,47,0,0,0.002096176,1
1000227,333409,1,1,23,23,11,47,0,0,0,1
1000228,500114,1,1,23,23,11,47,0,0,0,1
1000228,500114,1,1,23,23,11,47,0,0,0.008115768,1
1000228,500114,1,1,23,23,11,47,0,0,0.002099991,1
1000228,500114,1,1,23,23,11,47,0,0,0,1
1000228,500114,1,1,23,23,11,47,0,0,0,1
1000228,500114,1,1,23,23,11,47,0,0,0.008115768,1
1000228,500114,1,1,23,23,11,47,0,0,0.002101898,1
1000228,500114,1,1,23,23,11,47,0,0,0,1
1000228,500114,1,1,23,23,11,47,0,0,0,1
1000228,500114,1,1,23,23,11,47,0,0,0.008127213,1
1000229,58837,1,1,23,23,11,47,9,29,0.028650284,1
1000229,58837,1,1,23,23,11,47,9,29,0.022844315,1
1000229,58837,1,1,23,23,11,47,9,29,0.030982971,1
1000229,58837,1,1,23,23,11,47,9,29,0.019458771,1
1000229,58837,1,1,23,23,11,47,9,29,0.031110764,1
1000229,58837,1,1,23,23,11,47,9,29,0.026279449,1
1000229,58837,1,1,23,23,11,47,9,29,0.020418167,1
1000229,58837,1,1,23,23,11,47,9,29,0.025669098,1
1000229,58837,1,1,23,23,11,47,9,29,0.026844025,1
1000229,58837,1,1,23,23,11,47,9,29,0.032194138,1
1000230,500115,1,1,23,23,11,47,0,0,0.00711441,1
1000230,500115,1,1,23,23,11,47,0,0,0.002103806,1
1000230,500115,1,1,23,23,11,47,0,0,0,1
1000230,500115,1,1,23,23,11,47,0,0,0,1
1000230,500115,1,1,23,23,11,47,0,0,0.008390427,1
1000230,500115,1,1,23,23,11,47,0,0,0.001998901,1
1000230,500115,1,1,23,23,11,47,0,0,0.000587463,1
1000230,500115,1,1,23,23,11,47,0,0,0,1
1000230,500115,1,1,23,23,11,47,0,0,0,1
1000230,500115,1,1,23,23,11,47,0,0,0.002065659,1
1000231,3323,0,0,23,23,11,47,1125,3797,0.195257187,1
1000231,3323,0,0,23,23,11,47,1125,3797,0.17152977,1
1000231,3323,0,0,23,23,11,47,1125,3797,0.163318634,1
1000231,3323,0,0,23,23,11,47,1125,3797,0.196550369,1
1000231,3323,0,0,23,23,11,47,1125,3797,0.19181633,1
1000231,3323,0,0,23,23,11,47,1125,3797,0.213329315,1
1000231,3323,0,0,23,23,11,47,1125,3797,0.157178879,1
1000231,3323,0,0,23,23,11,47,1125,3797,0.184295654,1
1000231,3323,0,0,23,23,11,47,1125,3797,0.202169418,1
1000231,3323,0,0,23,23,11,47,1125,3797,0.164838791,1
1000232,500116,1,1,23,23,11,47,0,0,0.002264023,1
1000232,500116,1,1,23,23,11,47,0,0,0,1
1000232,500116,1,1,23,23,11,47,0,0,0,1
1000232,500116,1,1,23,23,11,47,0,0,0,1
1000232,500116,1,1,23,23,11,47,0,0,0,1
1000232,500116,1,1,23,23,11,47,0,0,0.008440018,1
1000232,500116,1,1,23,23,11,47,0,0,0.001777649,1
1000232,500116,1,1,23,23,11,47,0,0,0,1
1000232,500116,1,1,23,23,11,47,0,0,0,1
1000232,500116,1,1,23,23,11,47,0,0,0,1
1000233,333411,1,1,23,23,11,47,0,0,0.008243561,1
1000233,333411,1,1,23,23,11,47,0,0,0.002243042,1
1000233,333411,1,1,23,23,11,47,0,0,0,1
1000233,333411,1,1,23,23,11,47,0,0,0,1
1000233,333411,1,1,23,23,11,47,0,0,0,1
1000233,333411,1,1,23,23,11,47,0,0,0.008399963,1
1000233,333411,1,1,23,23,11,47,0,0,0.001899719,1
1000233,333411,1,1,23,23,11,47,0,0,0,1
1000233,333411,1,1,23,23,11,47,0,0,0,1
1000233,333411,1,1,23,23,11,47,0,0,0,1
1000234,500117,1,1,23,23,11,47,0,0,0,1
1000234,500117,1,1,23,23,11,47,0,0,0,1
1000234,500117,1,1,23,23,11,47,0,0,0,1
1000234,500117,1,1,23,23,11,47,0,0,0,1
1000234,500117,1,1,23,23,11,47,0,0,0,1
1000234,500117,1,1,23,23,11,47,0,0,0.010242462,1
1000234,500117,1,1,23,23,11,47,0,0,0.001003265,1
1000234,500117,1,1,23,23,11,47,0,0,0.001003265,1
1000234,500117,1,1,23,23,11,47,0,0,0,1
1000234,500117,1,1,23,23,11,47,0,0,0,1
1000235,200047,1,1,23,23,11,47,39,97,0.031929016,1
1000235,200047,1,1,23,23,11,47,39,97,0.050605774,1
1000235,200047,1,1,23,23,11,47,39,97,0.051483154,1
1000235,200047,1,1,23,23,11,47,39,97,0.040290833,1
1000235,200047,1,1,23,23,11,47,39,97,0.035211563,1
1000235,200047,1,1,23,23,11,47,39,97,0.033576965,1
1000235,200047,1,1,23,23,11,47,39,97,0.030971527,1
1000235,200047,1,1,23,23,11,47,39,97,0.034370422,1
1000235,200047,1,1,23,23,11,47,39,97,0.042135239,1
1000235,200047,1,1,23,23,11,47,39,97,0.065870285,1
1000236,500118,1,1,23,23,11,47,0,0,0.002283096,1
1000236,500118,1,1,23,23,11,47,0,0,0.001016617,1
1000236,500118,1,1,23,23,11,47,0,0,0,1
1000236,500118,1,1,23,23,11,47,0,0,0.005418777,1
1000236,500118,1,1,23,23,11,47,0,0,0,1
1000236,500118,1,1,23,23,11,47,0,0,0,1
1000236,500118,1,1,23,23,11,47,0,0,0,1
1000236,500118,1,1,23,23,11,47,0,0,0.008300781,1
1000236,500118,1,1,23,23,11,47,0,0,0.002054214,1
1000236,500118,1,1,23,23,11,47,0,0,0,1
1000237,142891,1,1,23,23,11,47,5,21,0.036651611,1
1000237,142891,1,1,23,23,11,47,5,21,0.045619965,1
1000237,142891,1,1,23,23,11,47,5,21,0.045045853,1
1000237,142891,1,1,23,23,11,47,5,21,0.039957047,1
1000237,142891,1,1,23,23,11,47,5,21,0.044849396,1
1000237,142891,1,1,23,23,11,47,5,21,0.034135818,1
1000237,142891,1,1,23,23,11,47,5,21,0.027565002,1
1000237,142891,1,1,23,23,11,47,5,21,0.028671265,1
1000237,142891,1,1,23,23,11,47,5,21,0.036851883,1
1000237,142891,1,1,23,23,11,47,5,21,0.035507202,1
1000238,500119,1,1,23,23,11,47,0,0,0.000999451,1
1000238,500119,1,1,23,23,11,47,0,0,0,1
1000238,500119,1,1,23,23,11,47,0,0,0,1
1000238,500119,1,1,23,23,11,47,0,0,0.005451202,1
1000238,500119,1,1,23,23,11,47,0,0,0.001039505,1
1000238,500119,1,1,23,23,11,47,0,0,0,1
1000238,500119,1,1,23,23,11,47,0,0,0,1
1000238,500119,1,1,23,23,11,47,0,0,0.006334305,1
1000238,500119,1,1,23,23,11,47,0,0,0.00120163,1
1000238,500119,1,1,23,23,11,47,0,0,0.000999451,1
1000239,333413,1,1,23,23,11,47,0,0,0.004116058,1
1000239,333413,1,1,23,23,11,47,0,0,0.001005173,1
1000239,333413,1,1,23,23,11,47,0,0,0,1
1000239,333413,1,1,23,23,11,47,0,0,0,1
1000239,333413,1,1,23,23,11,47,0,0,0.00843811,1
1000239,333413,1,1,23,23,11,47,0,0,0.001001358,1
1000239,333413,1,1,23,23,11,47,0,0,0.001001358,1
1000239,333413,1,1,23,23,11,47,0,0,0,1
1000239,333413,1,1,23,23,11,47,0,0,0,1
1000239,333413,1,1,23,23,11,47,0,0,0.000797272,1
1000240,500120,1,1,23,23,11,47,0,0,0.001005173,1
1000240,500120,1,1,23,23,11,47,0,0,0,1
1000240,500120,1,1,23,23,11,47,0,0,0.00210762,1
1000240,500120,1,1,23,23,11,47,0,0,0.001005173,1
1000240,500120,1,1,23,23,11,47,0,0,0,1
1000240,500120,1,1,23,23,11,47,0,0,0,1
1000240,500120,1,1,23,23,11,47,0,0,0,1
1000240,500120,1,1,23,23,11,47,0,0,0,1
1000240,500120,1,1,23,23,11,47,0,0,0.005264282,1
1000240,500120,1,1,23,23,11,47,0,0,0.001005173,1
1000241,90931,1,1,23,23,11,47,5,20,0.02173233,1
1000241,90931,1,1,23,23,11,47,5,20,0.019132614,1
1000241,90931,1,1,23,23,11,47,5,20,0.020812988,1
1000241,90931,1,1,23,23,11,47,5,20,0.016889572,1
1000241,90931,1,1,23,23,11,47,5,20,0.02305603,1
1000241,90931,1,1,23,23,11,47,5,20,0.018005371,1
1000241,90931,1,1,23,23,11,47,5,20,0.020723343,1
1000241,90931,1,1,23,23,11,47,5,20,0.029970169,1
1000241,90931,1,1,23,23,11,47,5,20,0.035322189,1
1000241,90931,1,1,23,23,11,47,5,20,0.033649445,1
1000242,500121,1,1,23,23,11,47,0,0,0,1
1000242,500121,1,1,23,23,11,47,0,0,0,1
1000242,500121,1,1,23,23,11,47,0,0,0,1
1000242,500121,1,1,23,23,11,47,0,0,0,1
1000242,500121,1,1,23,23,11,47,0,0,0,1
1000242,500121,1,1,23,23,11,47,0,0,0,1
1000242,500121,1,1,23,23,11,47,0,0,0.016487122,1
1000242,500121,1,1,23,23,11,47,0,0,0.001014709,1
1000242,500121,1,1,23,23,11,47,0,0,0,1
1000242,500121,1,1,23,23,11,47,0,0,0,1
1000243,14929,1,1,23,23,11,47,39,101,0.03276825,1
1000243,14929,1,1,23,23,11,47,39,101,0.032835007,1
1000243,14929,1,1,23,23,11,47,39,101,0.03263855,1
1000243,14929,1,1,23,23,11,47,39,101,0.03603363,1
1000243,14929,1,1,23,23,11,47,39,101,0.031269073,1
1000243,14929,1,1,23,23,11,47,39,101,0.032709122,1
1000243,14929,1,1,23,23,11,47,39,101,0.036045074,1
1000243,14929,1,1,23,23,11,47,39,101,0.035068512,1
1000243,14929,1,1,23,23,11,47,39,101,0.036088943,1
1000243,14929,1,1,23,23,11,47,39,101,0.02677536,1
1000244,500122,1,1,23,23,11,47,0,0,0,1
1000244,500122,1,1,23,23,11,47,0,0,0,1
1000244,500122,1,1,23,23,11,47,0,0,0,1
1000244,500122,1,1,23,23,11,47,0,0,0,1
1000244,500122,1,1,23,23,11,47,0,0,0,1
1000244,500122,1,1,23,23,11,47,0,0,0,1
1000244,500122,1,1,23,23,11,47,0,0,0.015859604,1
1000244,500122,1,1,23,23,11,47,0,0,0.001081467,1
1000244,500122,1,1,23,23,11,47,0,0,0.00116539,1
1000244,500122,1,1,23,23,11,47,0,0,0.000999451,1
1000245,333415,1,1,23,23,11,47,0,0,0.002067566,1
1000245,333415,1,1,23,23,11,47,0,0,0,1
1000245,333415,1,1,23,23,11,47,0,0,0,1
1000245,333415,1,1,23,23,11,47,0,0,0,1
1000245,333415,1,1,23,23,11,47,0,0,0,1
1000245,333415,1,1,23,23,11,47,0,0,0,1
1000245,333415,1,1,23,23,11,47,0,0,0,1
1000245,333415,1,1,23,23,11,47,0,0,0.015893936,1
1000245,333415,1,1,23,23,11,47,0,0,0.001049042,1
1000245,333415,1,1,23,23,11,47,0,0,0,1
1000246,500123,1,1,23,23,11,47,0,0,0,1
1000246,500123,1,1,23,23,11,47,0,0,0,1
1000246,500123,1,1,23,23,11,47,0,0,0,1
1000246,500123,1,1,23,23,11,47,0,0,0,1
1000246,500123,1,1,23,23,11,47,0,0,0,1
1000246,500123,1,1,23,23,11,47,0,0,0,1
1000246,500123,1,1,23,23,11,47,0,0,0,1
1000246,500123,1,1,23,23,11,47,0,0,0,1
1000246,500123,1,1,23,23,11,47,0,0,0,1
1000246,500123,1,1,23,23,11,47,0,0,0,1
1000247,43489,1,1,23,23,11,47,39,106,0.03550911,1
1000247,43489,1,1,23,23,11,47,39,106,0.048437119,1
1000247,43489,1,1,23,23,11,47,39,106,0.036514282,1
1000247,43489,1,1,23,23,11,47,39,106,0.030910492,1
1000247,43489,1,1,23,23,11,47,39,106,0.031332016,1
1000247,43489,1,1,23,23,11,47,39,106,0.046878815,1
1000247,43489,1,1,23,23,11,47,39,106,0.021837235,1
1000247,43489,1,1,23,23,11,47,39,106,0.046947479,1
1000247,43489,1,1,23,23,11,47,39,106,0.037467957,1
1000247,43489,1,1,23,23,11,47,39,106,0.03232193,1
1000248,500124,1,1,23,23,11,47,0,0,0,1
1000248,500124,1,1,23,23,11,47,0,0,0,1
1000248,500124,1,1,23,23,11,47,0,0,0,1
1000248,500124,1,1,23,23,11,47,0,0,0,1
1000248,500124,1,1,23,23,11,47,0,0,0,1
1000248,500124,1,1,23,23,11,47,0,0,0,1
1000248,500124,1,1,23,23,11,47,0,0,0,1
1000248,500124,1,1,23,23,11,47,0,0,0,1
1000248,500124,1,1,23,23,11,47,0,0,0,1
1000248,500124,1,1,23,23,11,47,0,0,0.016302109,1
1000249,3611,0,0,23,23,11,47,835,2768,0.202394486,1
1000249,3611,0,0,23,23,11,47,835,2768,0.193178177,1
1000249,3611,0,0,23,23,11,47,835,2768,0.155467987,1
1000249,3611,0,0,23,23,11,47,835,2768,0.201993942,1
1000249,3611,0,0,23,23,11,47,835,2768,0.187116623,1
1000249,3611,0,0,23,23,11,47,835,2768,0.180950165,1
1000249,3611,0,0,23,23,11,47,835,2768,0.192504883,1
1000249,3611,0,0,23,23,11,47,835,2768,0.206224442,1
1000249,3611,0,0,23,23,11,47,835,2768,0.152431488,1
1000249,3611,0,0,23,23,11,47,835,2768,0.195415497,1
1000250,500125,1,1,23,23,11,47,0,0,0.003002167,1
1000250,500125,1,1,23,23,11,47,0,0,0.001098633,1
1000250,500125,1,1,23,23,11,47,0,0,0.001014709,1
1000250,500125,1,1,23,23,11,47,0,0,0,1
1000250,500125,1,1,23,23,11,47,0,0,0,1
1000250,500125,1,1,23,23,11,47,0,0,0,1
1000250,500125,1,1,23,23,11,47,0,0,0.007196426,1
1000250,500125,1,1,23,23,11,47,0,0,0.002124786,1
1000250,500125,1,1,23,23,11,47,0,0,0.001001358,1
1000250,500125,1,1,23,23,11,47,0,0,0,1
1000251,333417,1,1,23,23,11,47,0,0,0,1
1000251,333417,1,1,23,23,11,47,0,0,9.15527E-05,1
1000251,333417,1,1,23,23,11,47,0,0,0,1
1000251,333417,1,1,23,23,11,47,0,0,0,1
1000251,333417,1,1,23,23,11,47,0,0,0,1
1000251,333417,1,1,23,23,11,47,0,0,0.010097504,1
1000251,333417,1,1,23,23,11,47,0,0,0.001996994,1
1000251,333417,1,1,23,23,11,47,0,0,0.000999451,1
1000251,333417,1,1,23,23,11,47,0,0,0,1
1000251,333417,1,1,23,23,11,47,0,0,0,1
1000252,500126,1,1,23,23,11,47,0,0,0.002084732,1
1000252,500126,1,1,23,23,11,47,0,0,0,1
1000252,500126,1,1,23,23,11,47,0,0,0,1
1000252,500126,1,1,23,23,11,47,0,0,0,1
1000252,500126,1,1,23,23,11,47,0,0,0,1
1000252,500126,1,1,23,23,11,47,0,0,0,1
1000252,500126,1,1,23,23,11,47,0,0,0.001245499,1
1000252,500126,1,1,23,23,11,47,0,0,0.001104355,1
1000252,500126,1,1,23,23,11,47,0,0,0,1
1000252,500126,1,1,23,23,11,47,0,0,0,1
1000253,3611,0,0,23,23,11,47,195,527,0.0847435,1
1000253,3611,0,0,23,23,11,47,195,527,0.083713531,1
1000253,3611,0,0,23,23,11,47,195,527,0.094514847,1
1000253,3611,0,0,23,23,11,47,195,527,0.085847855,1
1000253,3611,0,0,23,23,11,47,195,527,0.083177567,1
1000253,3611,0,0,23,23,11,47,195,527,0.097316742,1
1000253,3611,0,0,23,23,11,47,195,527,0.070667267,1
1000253,3611,0,0,23,23,11,47,195,527,0.102182388,1
1000253,3611,0,0,23,23,11,47,195,527,0.090118408,1
1000253,3611,0,0,23,23,11,47,195,527,0.093809128,1
1000254,500127,1,1,23,23,11,47,0,0,0.001773834,1
1000254,500127,1,1,23,23,11,47,0,0,0,1
1000254,500127,1,1,23,23,11,47,0,0,0,1
1000254,500127,1,1,23,23,11,47,0,0,0,1
1000254,500127,1,1,23,23,11,47,0,0,0,1
1000254,500127,1,1,23,23,11,47,0,0,0,1
1000254,500127,1,1,23,23,11,47,0,0,0.010246277,1
1000254,500127,1,1,23,23,11,47,0,0,0.002054214,1
1000254,500127,1,1,23,23,11,47,0,0,0,1
1000254,500127,1,1,23,23,11,47,0,0,0,1
1000255,200051,1,1,23,23,11,47,39,90,0.039422989,1
1000255,200051,1,1,23,23,11,47,39,90,0.030319214,1
1000255,200051,1,1,23,23,11,47,39,90,0.033128738,1
1000255,200051,1,1,23,23,11,47,39,90,0.030256271,1
1000255,200051,1,1,23,23,11,47,39,90,0.039546967,1
1000255,200051,1,1,23,23,11,47,39,90,0.030374527,1
1000255,200051,1,1,23,23,11,47,39,90,0.033733368,1
1000255,200051,1,1,23,23,11,47,39,90,0.032453537,1
1000255,200051,1,1,23,23,11,47,39,90,0.036130905,1
1000255,200051,1,1,23,23,11,47,39,90,0.026498795,1
1000256,15629,1,1,23,23,11,47,0,0,0,1
1000256,15629,1,1,23,23,11,47,0,0,0,1
1000256,15629,1,1,23,23,11,47,0,0,0,1
1000256,15629,1,1,23,23,11,47,0,0,0,1
1000256,15629,1,1,23,23,11,47,0,0,0,1
1000256,15629,1,1,23,23,11,47,0,0,0,1
1000256,15629,1,1,23,23,11,47,0,0,0,1
1000256,15629,1,1,23,23,11,47,0,0,0,1
1000256,15629,1,1,23,23,11,47,0,0,0,1
1000256,15629,1,1,23,23,11,47,0,0,0,1
1000257,333419,1,1,23,23,11,47,0,0,0.002204895,1
1000257,333419,1,1,23,23,11,47,0,0,0,1
1000257,333419,1,1,23,23,11,47,0,0,0,1
1000257,333419,1,1,23,23,11,47,0,0,0.008163452,1
1000257,333419,1,1,23,23,11,47,0,0,0.002113342,1
1000257,333419,1,1,23,23,11,47,0,0,0,1
1000257,333419,1,1,23,23,11,47,0,0,0,1
1000257,333419,1,1,23,23,11,47,0,0,0,1
1000257,333419,1,1,23,23,11,47,0,0,0.01048851,1
1000257,333419,1,1,23,23,11,47,0,0,0,1
1000258,500129,1,1,23,23,11,47,0,0,0.008262634,1
1000258,500129,1,1,23,23,11,47,0,0,0.002040863,1
1000258,500129,1,1,23,23,11,47,0,0,0.001005173,1
1000258,500129,1,1,23,23,11,47,0,0,0,1
1000258,500129,1,1,23,23,11,47,0,0,0,1
1000258,500129,1,1,23,23,11,47,0,0,0.00724411,1
1000258,500129,1,1,23,23,11,47,0,0,0.002250671,1
1000258,500129,1,1,23,23,11,47,0,0,0,1
1000258,500129,1,1,23,23,11,47,0,0,0,1
1000258,500129,1,1,23,23,11,47,0,0,0.008142471,1
1000259,76943,1,1,23,23,11,47,39,90,0.041498184,1
1000259,76943,1,1,23,23,11,47,39,90,0.034095764,1
1000259,76943,1,1,23,23,11,47,39,90,0.041950226,1
1000259,76943,1,1,23,23,11,47,39,90,0.034223557,1
1000259,76943,1,1,23,23,11,47,39,90,0.040435791,1
1000259,76943,1,1,23,23,11,47,39,90,0.040006638,1
1000259,76943,1,1,23,23,11,47,39,90,0.036701202,1
1000259,76943,1,1,23,23,11,47,39,90,0.030261993,1
1000259,76943,1,1,23,23,11,47,39,90,0.048219681,1
1000259,76943,1,1,23,23,11,47,39,90,0.033660889,1
1000260,500130,1,1,23,23,11,47,0,0,0,1
1000260,500130,1,1,23,23,11,47,0,0,0,1
1000260,500130,1,1,23,23,11,47,0,0,0,1
1000260,500130,1,1,23,23,11,47,0,0,0,1
1000260,500130,1,1,23,23,11,47,0,0,0,1
1000260,500130,1,1,23,23,11,47,0,0,0,1
1000260,500130,1,1,23,23,11,47,0,0,0,1
1000260,500130,1,1,23,23,11,47,0,0,0,1
1000260,500130,1,1,23,23,11,47,0,0,0,1
1000260,500130,1,1,23,23,11,47,0,0,0.01568222,1
1000261,76943,0,0,23,23,11,47,39,95,0.048534393,1
1000261,76943,0,0,23,23,11,47,39,95,0.053575516,1
1000261,76943,0,0,23,23,11,47,39,95,0.050867081,1
1000261,76943,0,0,23,23,11,47,39,95,0.047515869,1
1000261,76943,0,0,23,23,11,47,39,95,0.032434464,1
1000261,76943,0,0,23,23,11,47,39,95,0.039440155,1
1000261,76943,0,0,23,23,11,47,39,95,0.045497894,1
1000261,76943,0,0,23,23,11,47,39,95,0.050855637,1
1000261,76943,0,0,23,23,11,47,39,95,0.03711319,1
1000261,76943,0,0,23,23,11,47,39,95,0.036766052,1
1000262,500131,1,1,23,23,11,47,0,0,0,1
1000262,500131,1,1,23,23,11,47,0,0,0,1
1000262,500131,1,1,23,23,11,47,0,0,0,1
1000262,500131,1,1,23,23,11,47,0,0,0,1
1000262,500131,1,1,23,23,11,47,0,0,0.008096695,1
1000262,500131,1,1,23,23,11,47,0,0,0,1
1000262,500131,1,1,23,23,11,47,0,0,0,1
1000262,500131,1,1,23,23,11,47,0,0,0,1
1000262,500131,1,1,23,23,11,47,0,0,0,1
1000262,500131,1,1,23,23,11,47,0,0,0,1
1000263,333421,1,1,23,23,11,47,0,0,0.015686035,1
1000263,333421,1,1,23,23,11,47,0,0,0,1
1000263,333421,1,1,23,23,11,47,0,0,0,1
1000263,333421,1,1,23,23,11,47,0,0,0,1
1000263,333421,1,1,23,23,11,47,0,0,0,1
1000263,333421,1,1,23,23,11,47,0,0,0,1
1000263,333421,1,1,23,23,11,47,0,0,0,1
1000263,333421,1,1,23,23,11,47,0,0,0.015800476,1
1000263,333421,1,1,23,23,11,47,0,0,0.00103569,1
1000263,333421,1,1,23,23,11,47,0,0,0.000999451,1
1000264,500132,1,1,23,23,11,47,0,0,0,1
1000264,500132,1,1,23,23,11,47,0,0,0,1
1000264,500132,1,1,23,23,11,47,0,0,0,1
1000264,500132,1,1,23,23,11,47,0,0,0,1
1000264,500132,1,1,23,23,11,47,0,0,0,1
1000264,500132,1,1,23,23,11,47,0,0,0,1
1000264,500132,1,1,23,23,11,47,0,0,0,1
1000264,500132,1,1,23,23,11,47,0,0,0,1
1000264,500132,1,1,23,23,11,47,0,0,0.01631546,1
1000264,500132,1,1,23,23,11,47,0,0,0,1
1000265,142895,1,1,23,23,11,47,5,15,0.016162872,1
1000265,142895,1,1,23,23,11,47,5,15,0.016736984,1
1000265,142895,1,1,23,23,11,47,5,15,0.016929626,1
1000265,142895,1,1,23,23,11,47,5,15,0.016656876,1
1000265,142895,1,1,23,23,11,47,5,15,0.01684761,1
1000265,142895,1,1,23,23,11,47,5,15,0.031318665,1
1000265,142895,1,1,23,23,11,47,5,15,0.026464462,1
1000265,142895,1,1,23,23,11,47,5,15,0.000989914,1
1000265,142895,1,1,23,23,11,47,5,15,0.031312943,1
1000265,142895,1,1,23,23,11,47,5,15,0.000995636,1
1000266,500133,1,1,23,23,11,47,0,0,0.000997543,1
1000266,500133,1,1,23,23,11,47,0,0,0,1
1000266,500133,1,1,23,23,11,47,0,0,0,1
1000266,500133,1,1,23,23,11,47,0,0,0,1
1000266,500133,1,1,23,23,11,47,0,0,0,1
1000266,500133,1,1,23,23,11,47,0,0,0,1
1000266,500133,1,1,23,23,11,47,0,0,0,1
1000266,500133,1,1,23,23,11,47,0,0,0,1
1000266,500133,1,1,23,23,11,47,0,0,0,1
1000266,500133,1,1,23,23,11,47,0,0,0.015716553,1
1000267,76943,0,0,23,23,11,47,39,101,0.03105545,1
1000267,76943,0,0,23,23,11,47,39,101,0.040697098,1
1000267,76943,0,0,23,23,11,47,39,101,0.045911789,1
1000267,76943,0,0,23,23,11,47,39,101,0.048069,1
1000267,76943,0,0,23,23,11,47,39,101,0.051317215,1
1000267,76943,0,0,23,23,11,47,39,101,0.04816246,1
1000267,76943,0,0,23,23,11,47,39,101,0.051309586,1
1000267,76943,0,0,23,23,11,47,39,101,0.046913147,1
1000267,76943,0,0,23,23,11,47,39,101,0.053459167,1
1000267,76943,0,0,23,23,11,47,39,101,0.046905518,1
1000268,500134,1,1,23,23,11,47,0,0,0.004224777,1
1000268,500134,1,1,23,23,11,47,0,0,0,1
1000268,500134,1,1,23,23,11,47,0,0,0,1
1000268,500134,1,1,23,23,11,47,0,0,0,1
1000268,500134,1,1,23,23,11,47,0,0,0,1
1000268,500134,1,1,23,23,11,47,0,0,0,1
1000268,500134,1,1,23,23,11,47,0,0,0,1
1000268,500134,1,1,23,23,11,47,0,0,0,1
1000268,500134,1,1,23,23,11,47,0,0,0,1
1000268,500134,1,1,23,23,11,47,0,0,0,1
1000269,333423,1,1,23,23,11,47,0,0,0,1
1000269,333423,1,1,23,23,11,47,0,0,0,1
1000269,333423,1,1,23,23,11,47,0,0,0,1
1000269,333423,1,1,23,23,11,47,0,0,0,1
1000269,333423,1,1,23,23,11,47,0,0,0,1
1000269,333423,1,1,23,23,11,47,0,0,0,1
1000269,333423,1,1,23,23,11,47,0,0,0.01593399,1
1000269,333423,1,1,23,23,11,47,0,0,0.001039505,1
1000269,333423,1,1,23,23,11,47,0,0,0,1
1000269,333423,1,1,23,23,11,47,0,0,0,1
1000270,500135,1,1,23,23,11,47,0,0,0,1
1000270,500135,1,1,23,23,11,47,0,0,0,1
1000270,500135,1,1,23,23,11,47,0,0,0,1
1000270,500135,1,1,23,23,11,47,0,0,0,1
1000270,500135,1,1,23,23,11,47,0,0,0,1
1000270,500135,1,1,23,23,11,47,0,0,0.016540527,1
1000270,500135,1,1,23,23,11,47,0,0,0.000953674,1
1000270,500135,1,1,23,23,11,47,0,0,0.001560211,1
1000270,500135,1,1,23,23,11,47,0,0,0,1
1000270,500135,1,1,23,23,11,47,0,0,0,1
1000271,1783,0,0,23,23,11,47,227,615,0.074386597,1
1000271,1783,0,0,23,23,11,47,227,615,0.061458588,1
1000271,1783,0,0,23,23,11,47,227,615,0.061819077,1
1000271,1783,0,0,23,23,11,47,227,615,0.079338074,1
1000271,1783,0,0,23,23,11,47,227,615,0.071756363,1
1000271,1783,0,0,23,23,11,47,227,615,0.073060989,1
1000271,1783,0,0,23,23,11,47,227,615,0.064783096,1
1000271,1783,0,0,23,23,11,47,227,615,0.060920715,1
1000271,1783,0,0,23,23,11,47,227,615,0.053812027,1
1000271,1783,0,0,23,23,11,47,227,615,0.071872711,1
1000272,500136,1,1,23,23,11,47,0,0,0.001594543,1
1000272,500136,1,1,23,23,11,47,0,0,0,1
1000272,500136,1,1,23,23,11,47,0,0,0,1
1000272,500136,1,1,23,23,11,47,0,0,0,1
1000272,500136,1,1,23,23,11,47,0,0,0,1
1000272,500136,1,1,23,23,11,47,0,0,0,1
1000272,500136,1,1,23,23,11,47,0,0,0,1
1000272,500136,1,1,23,23,11,47,0,0,0,1
1000272,500136,1,1,23,23,11,47,0,0,0.002187729,1
1000272,500136,1,1,23,23,11,47,0,0,0,1
1000273,111141,0,0,23,23,11,47,39,97,0.051706314,1
1000273,111141,0,0,23,23,11,47,39,97,0.051900864,1
1000273,111141,0,0,23,23,11,47,39,97,0.05099678,1
1000273,111141,0,0,23,23,11,47,39,97,0.047859192,1
1000273,111141,0,0,23,23,11,47,39,97,0.041151047,1
1000273,111141,0,0,23,23,11,47,39,97,0.043525696,1
1000273,111141,0,0,23,23,11,47,39,97,0.051553726,1
1000273,111141,0,0,23,23,11,47,39,97,0.059446335,1
1000273,111141,0,0,23,23,11,47,39,97,0.051389694,1
1000273,111141,0,0,23,23,11,47,39,97,0.054553986,1
1000274,500137,1,1,23,23,11,47,0,0,0,1
1000274,500137,1,1,23,23,11,47,0,0,0,1
1000274,500137,1,1,23,23,11,47,0,0,0.004779816,1
1000274,500137,1,1,23,23,11,47,0,0,0,1
1000274,500137,1,1,23,23,11,47,0,0,0,1
1000274,500137,1,1,23,23,11,47,0,0,0,1
1000274,500137,1,1,23,23,11,47,0,0,0,1
1000274,500137,1,1,23,23,11,47,0,0,0,1
1000274,500137,1,1,23,23,11,47,0,0,0.010271072,1
1000274,500137,1,1,23,23,11,47,0,0,0.001039505,1
1000275,333425,1,1,23,23,11,47,0,0,0,1
1000275,333425,1,1,23,23,11,47,0,0,0,1
1000275,333425,1,1,23,23,11,47,0,0,0.007736206,1
1000275,333425,1,1,23,23,11,47,0,0,0.002229691,1
1000275,333425,1,1,23,23,11,47,0,0,0,1
1000275,333425,1,1,23,23,11,47,0,0,0,1
1000275,333425,1,1,23,23,11,47,0,0,0,1
1000275,333425,1,1,23,23,11,47,0,0,0.008308411,1
1000275,333425,1,1,23,23,11,47,0,0,0.001747131,1
1000275,333425,1,1,23,23,11,47,0,0,0.001005173,1
1000276,500138,1,1,23,23,11,47,0,0,0,1
1000276,500138,1,1,23,23,11,47,0,0,0,1
1000276,500138,1,1,23,23,11,47,0,0,0.007211685,1
1000276,500138,1,1,23,23,11,47,0,0,0,1
1000276,500138,1,1,23,23,11,47,0,0,0,1
1000276,500138,1,1,23,23,11,47,0,0,0,1
1000276,500138,1,1,23,23,11,47,0,0,0,1
1000276,500138,1,1,23,23,11,47,0,0,0,1
1000276,500138,1,1,23,23,11,47,0,0,0.010147095,1
1000276,500138,1,1,23,23,11,47,0,0,0.002132416,1
1000277,47633,0,0,23,23,11,47,39,95,0.039224625,1
1000277,47633,0,0,23,23,11,47,39,95,0.043157578,1
1000277,47633,0,0,23,23,11,47,39,95,0.051172256,1
1000277,47633,0,0,23,23,11,47,39,95,0.049507141,1
1000277,47633,0,0,23,23,11,47,39,95,0.040885925,1
1000277,47633,0,0,23,23,11,47,39,95,0.037158966,1
1000277,47633,0,0,23,23,11,47,39,95,0.035142899,1
1000277,47633,0,0,23,23,11,47,39,95,0.041490555,1
1000277,47633,0,0,23,23,11,47,39,95,0.039207459,1
1000277,47633,0,0,23,23,11,47,39,95,0.039833069,1
1000278,500139,1,1,23,23,11,47,0,0,0.00210762,1
1000278,500139,1,1,23,23,11,47,0,0,0,1
1000278,500139,1,1,23,23,11,47,0,0,0,1
1000278,500139,1,1,23,23,11,47,0,0,0,1
1000278,500139,1,1,23,23,11,47,0,0,0.008132935,1
1000278,500139,1,1,23,23,11,47,0,0,0.002223969,1
1000278,500139,1,1,23,23,11,47,0,0,0,1
1000278,500139,1,1,23,23,11,47,0,0,0,1
1000278,500139,1,1,23,23,11,47,0,0,0,1
1000278,500139,1,1,23,23,11,47,0,0,0,1
1000279,142897,1,1,23,23,11,47,5,21,0.022808075,1
1000279,142897,1,1,23,23,11,47,5,21,0.031148911,1
1000279,142897,1,1,23,23,11,47,5,21,0.030988693,1
1000279,142897,1,1,23,23,11,47,5,21,0.030670166,1
1000279,142897,1,1,23,23,11,47,5,21,0.027328491,1
1000279,142897,1,1,23,23,11,47,5,21,0.023151398,1
1000279,142897,1,1,23,23,11,47,5,21,0.031148911,1
1000279,142897,1,1,23,23,11,47,5,21,0.031339645,1
1000279,142897,1,1,23,23,11,47,5,21,0.019317627,1
1000279,142897,1,1,23,23,11,47,5,21,0.030706406,1
1000280,500140,1,1,23,23,11,47,0,0,0,1
1000280,500140,1,1,23,23,11,47,0,0,0,1
1000280,500140,1,1,23,23,11,47,0,0,0,1
1000280,500140,1,1,23,23,11,47,0,0,0,1
1000280,500140,1,1,23,23,11,47,0,0,0.010334015,1
1000280,500140,1,1,23,23,11,47,0,0,0.00103569,1
1000280,500140,1,1,23,23,11,47,0,0,0.000843048,1
1000280,500140,1,1,23,23,11,47,0,0,0.001039505,1
1000280,500140,1,1,23,23,11,47,0,0,0,1
1000280,500140,1,1,23,23,11,47,0,0,0,1
1000281,333427,1,1,23,23,11,47,0,0,0.0073452,1
1000281,333427,1,1,23,23,11,47,0,0,0,1
1000281,333427,1,1,23,23,11,47,0,0,0,1
1000281,333427,1,1,23,23,11,47,0,0,0,1
1000281,333427,1,1,23,23,11,47,0,0,0.010061264,1
1000281,333427,1,1,23,23,11,47,0,0,0.002183914,1
1000281,333427,1,1,23,23,11,47,0,0,0,1
1000281,333427,1,1,23,23,11,47,0,0,0,1
1000281,333427,1,1,23,23,11,47,0,0,0,1
1000281,333427,1,1,23,23,11,47,0,0,0.008188248,1
1000282,500141,1,1,23,23,11,47,0,0,0,1
1000282,500141,1,1,23,23,11,47,0,0,0,1
1000282,500141,1,1,23,23,11,47,0,0,0,1
1000282,500141,1,1,23,23,11,47,0,0,0,1
1000282,500141,1,1,23,23,11,47,0,0,0.008138657,1
1000282,500141,1,1,23,23,11,47,0,0,0.002246857,1
1000282,500141,1,1,23,23,11,47,0,0,0,1
1000282,500141,1,1,23,23,11,47,0,0,0,1
1000282,500141,1,1,23,23,11,47,0,0,0,1
1000282,500141,1,1,23,23,11,47,0,0,0,1
1000283,941,1,1,23,23,11,47,175,492,0.06427002,1
1000283,941,1,1,23,23,11,47,175,492,0.068477631,1
1000283,941,1,1,23,23,11,47,175,492,0.061864853,1
1000283,941,1,1,23,23,11,47,175,492,0.053524017,1
1000283,941,1,1,23,23,11,47,175,492,0.081781387,1
1000283,941,1,1,23,23,11,47,175,492,0.071777344,1
1000283,941,1,1,23,23,11,47,175,492,0.073410034,1
1000283,941,1,1,23,23,11,47,175,492,0.069488525,1
1000283,941,1,1,23,23,11,47,175,492,0.063652039,1
1000283,941,1,1,23,23,11,47,175,492,0.070970535,1
1000284,500142,1,1,23,23,11,47,0,0,0.008148193,1
1000284,500142,1,1,23,23,11,47,0,0,0.002241135,1
1000284,500142,1,1,23,23,11,47,0,0,0,1
1000284,500142,1,1,23,23,11,47,0,0,0,1
1000284,500142,1,1,23,23,11,47,0,0,0,1
1000284,500142,1,1,23,23,11,47,0,0,0,1
1000284,500142,1,1,23,23,11,47,0,0,0,1
1000284,500142,1,1,23,23,11,47,0,0,0.000192642,1
1000284,500142,1,1,23,23,11,47,0,0,0.002252579,1
1000284,500142,1,1,23,23,11,47,0,0,0,1
1000285,90935,1,1,23,23,11,47,5,18,0.031019211,1
1000285,90935,1,1,23,23,11,47,5,18,0.020414352,1
1000285,90935,1,1,23,23,11,47,5,18,0.031429291,1
1000285,90935,1,1,23,23,11,47,5,18,0.028535843,1
1000285,90935,1,1,23,23,11,47,5,18,0.022197723,1
1000285,90935,1,1,23,23,11,47,5,18,0.030563354,1
1000285,90935,1,1,23,23,11,47,5,18,0.028474808,1
1000285,90935,1,1,23,23,11,47,5,18,0.021499634,1
1000285,90935,1,1,23,23,11,47,5,18,0.030054092,1
1000285,90935,1,1,23,23,11,47,5,18,0.028978348,1
1000286,500143,1,1,23,23,11,47,0,0,0,1
1000286,500143,1,1,23,23,11,47,0,0,0,1
1000286,500143,1,1,23,23,11,47,0,0,0,1
1000286,500143,1,1,23,23,11,47,0,0,0,1
1000286,500143,1,1,23,23,11,47,0,0,0.008363724,1
1000286,500143,1,1,23,23,11,47,0,0,0.00223732,1
1000286,500143,1,1,23,23,11,47,0,0,0,1
1000286,500143,1,1,23,23,11,47,0,0,0,1
1000286,500143,1,1,23,23,11,47,0,0,0,1
1000286,500143,1,1,23,23,11,47,0,0,0,1
1000287,333429,1,1,23,23,11,47,0,0,0.002094269,1
1000287,333429,1,1,23,23,11,47,0,0,0,1
1000287,333429,1,1,23,23,11,47,0,0,0,1
1000287,333429,1,1,23,23,11,47,0,0,0.003684998,1
1000287,333429,1,1,23,23,11,47,0,0,0.00125885,1
1000287,333429,1,1,23,23,11,47,0,0,0.001041412,1
1000287,333429,1,1,23,23,11,47,0,0,0.002313614,1
1000287,333429,1,1,23,23,11,47,0,0,0.001033783,1
1000287,333429,1,1,23,23,11,47,0,0,0.001846313,1
1000287,333429,1,1,23,23,11,47,0,0,0.001037598,1
1000288,500144,1,1,23,23,11,47,0,0,0,1
1000288,500144,1,1,23,23,11,47,0,0,0.006345749,1
1000288,500144,1,1,23,23,11,47,0,0,0.001001358,1
1000288,500144,1,1,23,23,11,47,0,0,0.001092911,1
1000288,500144,1,1,23,23,11,47,0,0,0.001010895,1
1000288,500144,1,1,23,23,11,47,0,0,0,1
1000288,500144,1,1,23,23,11,47,0,0,0,1
1000288,500144,1,1,23,23,11,47,0,0,0,1
1000288,500144,1,1,23,23,11,47,0,0,0,1
1000288,500144,1,1,23,23,11,47,0,0,0,1
1000289,47633,0,0,23,23,11,47,39,96,0.039096832,1
1000289,47633,0,0,23,23,11,47,39,96,0.051609039,1
1000289,47633,0,0,23,23,11,47,39,96,0.031377792,1
1000289,47633,0,0,23,23,11,47,39,96,0.038913727,1
1000289,47633,0,0,23,23,11,47,39,96,0.021196365,1
1000289,47633,0,0,23,23,11,47,39,96,0.034822464,1
1000289,47633,0,0,23,23,11,47,39,96,0.03291893,1
1000289,47633,0,0,23,23,11,47,39,96,0.048816681,1
1000289,47633,0,0,23,23,11,47,39,96,0.047439575,1
1000289,47633,0,0,23,23,11,47,39,96,0.025373459,1
1000290,500145,1,1,23,23,11,47,0,0,0,1
1000290,500145,1,1,23,23,11,47,0,0,0.001543045,1
1000290,500145,1,1,23,23,11,47,0,0,0.001005173,1
1000290,500145,1,1,23,23,11,47,0,0,0.000999451,1
1000290,500145,1,1,23,23,11,47,0,0,0.000930786,1
1000290,500145,1,1,23,23,11,47,0,0,0.001005173,1
1000290,500145,1,1,23,23,11,47,0,0,0,1
1000290,500145,1,1,23,23,11,47,0,0,0,1
1000290,500145,1,1,23,23,11,47,0,0,0,1
1000290,500145,1,1,23,23,11,47,0,0,0.001001358,1
1000291,111143,0,0,23,23,11,47,39,89,0.037536621,1
1000291,111143,0,0,23,23,11,47,39,89,0.02337265,1
1000291,111143,0,0,23,23,11,47,39,89,0.047807693,1
1000291,111143,0,0,23,23,11,47,39,89,0.039079666,1
1000291,111143,0,0,23,23,11,47,39,89,0.038208008,1
1000291,111143,0,0,23,23,11,47,39,89,0.035036087,1
1000291,111143,0,0,23,23,11,47,39,89,0.032466888,1
1000291,111143,0,0,23,23,11,47,39,89,0.033943176,1
1000291,111143,0,0,23,23,11,47,39,89,0.034730911,1
1000291,111143,0,0,23,23,11,47,39,89,0.033430099,1
1000292,500146,1,1,23,23,11,47,0,0,0.001123428,1
1000292,500146,1,1,23,23,11,47,0,0,0.000574112,1
1000292,500146,1,1,23,23,11,47,0,0,0.001049042,1
1000292,500146,1,1,23,23,11,47,0,0,0.00103569,1
1000292,500146,1,1,23,23,11,47,0,0,0,1
1000292,500146,1,1,23,23,11,47,0,0,0,1
1000292,500146,1,1,23,23,11,47,0,0,0.005167007,1
1000292,500146,1,1,23,23,11,47,0,0,0.000999451,1
1000292,500146,1,1,23,23,11,47,0,0,0.001041412,1
1000292,500146,1,1,23,23,11,47,0,0,0.000993729,1
1000293,333431,1,1,23,23,11,47,0,0,0.003612518,1
1000293,333431,1,1,23,23,11,47,0,0,0.000999451,1
1000293,333431,1,1,23,23,11,47,0,0,0.001033783,1
1000293,333431,1,1,23,23,11,47,0,0,0,1
1000293,333431,1,1,23,23,11,47,0,0,0.005168915,1
1000293,333431,1,1,23,23,11,47,0,0,0.000997543,1
1000293,333431,1,1,23,23,11,47,0,0,0.001037598,1
1000293,333431,1,1,23,23,11,47,0,0,0,1
1000293,333431,1,1,23,23,11,47,0,0,0.005434036,1
1000293,333431,1,1,23,23,11,47,0,0,0.00100708,1
1000294,500147,1,1,23,23,11,47,0,0,0.00103569,1
1000294,500147,1,1,23,23,11,47,0,0,0.001857758,1
1000294,500147,1,1,23,23,11,47,0,0,0.001033783,1
1000294,500147,1,1,23,23,11,47,0,0,0.001081467,1
1000294,500147,1,1,23,23,11,47,0,0,0.001026154,1
1000294,500147,1,1,23,23,11,47,0,0,0.00100708,1
1000294,500147,1,1,23,23,11,47,0,0,0.001001358,1
1000294,500147,1,1,23,23,11,47,0,0,0.000997543,1
1000294,500147,1,1,23,23,11,47,0,0,0.001226425,1
1000294,500147,1,1,23,23,11,47,0,0,0.001037598,1
1000295,200059,1,1,23,23,11,47,39,89,0.031364441,1
1000295,200059,1,1,23,23,11,47,39,89,0.026851654,1
1000295,200059,1,1,23,23,11,47,39,89,0.036058426,1
1000295,200059,1,1,23,23,11,47,39,89,0.032594681,1
1000295,200059,1,1,23,23,11,47,39,89,0.033246994,1
1000295,200059,1,1,23,23,11,47,39,89,0.042692184,1
1000295,200059,1,1,23,23,11,47,39,89,0.030397415,1
1000295,200059,1,1,23,23,11,47,39,89,0.033662796,1
1000295,200059,1,1,23,23,11,47,39,89,0.033613205,1
1000295,200059,1,1,23,23,11,47,39,89,0.032217026,1
1000296,500148,1,1,23,23,11,47,0,0,0,1
1000296,500148,1,1,23,23,11,47,0,0,0,1
1000296,500148,1,1,23,23,11,47,0,0,0,1
1000296,500148,1,1,23,23,11,47,0,0,0,1
1000296,500148,1,1,23,23,11,47,0,0,0.001003265,1
1000296,500148,1,1,23,23,11,47,0,0,0.001033783,1
1000296,500148,1,1,23,23,11,47,0,0,0,1
1000296,500148,1,1,23,23,11,47,0,0,0,1
1000296,500148,1,1,23,23,11,47,0,0,0.005325317,1
1000296,500148,1,1,23,23,11,47,0,0,0.00071907,1
1000297,58841,1,1,23,23,11,47,39,95,0.028820038,1
1000297,58841,1,1,23,23,11,47,39,95,0.029979706,1
1000297,58841,1,1,23,23,11,47,39,95,0.02882576,1
1000297,58841,1,1,23,23,11,47,39,95,0.0508461,1
1000297,58841,1,1,23,23,11,47,39,95,0.062135696,1
1000297,58841,1,1,23,23,11,47,39,95,0.038496017,1
1000297,58841,1,1,23,23,11,47,39,95,0.043785095,1
1000297,58841,1,1,23,23,11,47,39,95,0.028190613,1
1000297,58841,1,1,23,23,11,47,39,95,0.037126541,1
1000297,58841,1,1,23,23,11,47,39,95,0.037912369,1
1000298,500149,1,1,23,23,11,47,0,0,0.002122879,1
1000298,500149,1,1,23,23,11,47,0,0,0.002002716,1
1000298,500149,1,1,23,23,11,47,0,0,0.001996994,1
1000298,500149,1,1,23,23,11,47,0,0,0.002000809,1
1000298,500149,1,1,23,23,11,47,0,0,0.000999451,1
1000298,500149,1,1,23,23,11,47,0,0,0.002239227,1
1000298,500149,1,1,23,23,11,47,0,0,0.002092361,1
1000298,500149,1,1,23,23,11,47,0,0,0.002000809,1
1000298,500149,1,1,23,23,11,47,0,0,0.001163483,1
1000298,500149,1,1,23,23,11,47,0,0,0.00100708,1
1000299,333433,1,1,23,23,11,47,0,0,0.002271652,1
1000299,333433,1,1,23,23,11,47,0,0,0.002090454,1
1000299,333433,1,1,23,23,11,47,0,0,0,1
1000299,333433,1,1,23,23,11,47,0,0,0.003099442,1
1000299,333433,1,1,23,23,11,47,0,0,0.002006531,1
1000299,333433,1,1,23,23,11,47,0,0,0.002019882,1
1000299,333433,1,1,23,23,11,47,0,0,0.000984192,1
1000299,333433,1,1,23,23,11,47,0,0,0,1
1000299,333433,1,1,23,23,11,47,0,0,0,1
1000299,333433,1,1,23,23,11,47,0,0,0,1
1000300,500150,1,1,23,23,11,47,0,0,0,1
1000300,500150,1,1,23,23,11,47,0,0,0,1
1000300,500150,1,1,23,23,11,47,0,0,0,1
1000300,500150,1,1,23,23,11,47,0,0,0.009004593,1
1000300,500150,1,1,23,23,11,47,0,0,0.001634598,1
1000300,500150,1,1,23,23,11,47,0,0,0.001016617,1
1000300,500150,1,1,23,23,11,47,0,0,0.001565933,1
1000300,500150,1,1,23,23,11,47,0,0,0.001001358,1
1000300,500150,1,1,23,23,11,47,0,0,0.001008987,1
1000300,500150,1,1,23,23,11,47,0,0,0,1
